id,knowledge_type,topic,claim_to_verify,official_source,url,date_verified,conditions_plan_visibility,notes,stability,status
R001,Stable technical knowledge (Git),init/default branch,init.defaultBranch config is honoured; behaviour of default name across versions,"Official Git documentation (git-scm.com reference manual, release notes)",,,,,Stable (syntax may gain options),LOCALLY-TESTED on git 2.43.0 (verify-git-basics.sh); official docs NOT yet consulted
R002,Stable technical knowledge (Git),status/add/commit/log/show/diff,"core porcelain behaviour and output, incl. diff --staged","Official Git documentation (git-scm.com reference manual, release notes)",,,,,Stable (syntax may gain options),LOCALLY-TESTED on git 2.43.0 (verify-git-basics.sh); official docs NOT yet consulted
R003,Stable technical knowledge (Git),HEAD and relative refs,HEAD~n and ^ resolve as taught,"Official Git documentation (git-scm.com reference manual, release notes)",,,,,Stable (syntax may gain options),LOCALLY-TESTED on git 2.43.0 (verify-git-basics.sh); official docs NOT yet consulted
R004,Stable technical knowledge (Git),restore,restore discards worktree changes; --staged unstages; relation to checkout,"Official Git documentation (git-scm.com reference manual, release notes)",,,,,Stable (syntax may gain options),LOCALLY-TESTED on git 2.43.0 (verify-git-basics.sh); official docs NOT yet consulted
R005,Stable technical knowledge (Git),switch,switch -c creates+switches; current status in official docs (was once marked experimental?),"Official Git documentation (git-scm.com reference manual, release notes)",,,,,Stable (syntax may gain options),LOCALLY-TESTED on git 2.43.0 (verify-git-basics.sh); official docs NOT yet consulted
R006,Stable technical knowledge (Git),branch/merge,"fast-forward and three-way merge, --ff-only, --no-ff, --squash","Official Git documentation (git-scm.com reference manual, release notes)",,,,,Stable (syntax may gain options),LOCALLY-TESTED on git 2.43.0 (verify-git-basics.sh); official docs NOT yet consulted
R007,Stable technical knowledge (Git),merge conflicts,"marker format, merge --abort restores tree","Official Git documentation (git-scm.com reference manual, release notes)",,,,,Stable (syntax may gain options),LOCALLY-TESTED on git 2.43.0 (verify-git-basics.sh); official docs NOT yet consulted
R008,Stable technical knowledge (Git),reset,--soft/--mixed/--hard semantics and data-loss behaviour,"Official Git documentation (git-scm.com reference manual, release notes)",,,,,Stable (syntax may gain options),LOCALLY-TESTED on git 2.43.0 (verify-git-basics.sh); official docs NOT yet consulted
R009,Stable technical knowledge (Git),revert,creates inverse commit; fails on empty commit (observed); merge-commit -m,"Official Git documentation (git-scm.com reference manual, release notes)",,,,,Stable (syntax may gain options),LOCALLY-TESTED on git 2.43.0 (verify-git-basics.sh); official docs NOT yet consulted
R010,Stable technical knowledge (Git),reflog,reflog retains reset-away commits; expiry defaults,"Official Git documentation (git-scm.com reference manual, release notes)",,,,,Stable (syntax may gain options),LOCALLY-TESTED on git 2.43.0 (verify-git-basics.sh); official docs NOT yet consulted
R011,Stable technical knowledge (Git),rebase,"interactive todo commands, --abort/--continue/--skip, --rebase-merges, autosquash","Official Git documentation (git-scm.com reference manual, release notes)",,,,,Stable (syntax may gain options),LOCALLY-TESTED on git 2.43.0 (verify-git-basics.sh); official docs NOT yet consulted
R012,Stable technical knowledge (Git),stash,push/pop/apply/list; untracked with -u,"Official Git documentation (git-scm.com reference manual, release notes)",,,,,Stable (syntax may gain options),LOCALLY-TESTED on git 2.43.0 (verify-git-basics.sh); official docs NOT yet consulted
R013,Stable technical knowledge (Git),tags,lightweight vs annotated object types; push and delete syntax,"Official Git documentation (git-scm.com reference manual, release notes)",,,,,Stable (syntax may gain options),LOCALLY-TESTED on git 2.43.0 (verify-git-basics.sh); official docs NOT yet consulted
R014,Stable technical knowledge (Git),remotes/fetch/pull/push,"upstream tracking, pull.ff / pull.rebase config, --force-with-lease, --force-if-includes","Official Git documentation (git-scm.com reference manual, release notes)",,,,,Stable (syntax may gain options),LOCALLY-TESTED on git 2.43.0 (verify-git-basics.sh); official docs NOT yet consulted
R015,Stable technical knowledge (Git),bare repo as local remote,git init --bare works as offline remote for exercises,"Official Git documentation (git-scm.com reference manual, release notes)",,,,,Stable (syntax may gain options),LOCALLY-TESTED on git 2.43.0 (verify-git-basics.sh); official docs NOT yet consulted
R016,Stable technical knowledge (Git),clone variants,"--depth, --filter=blob:none, --single-branch","Official Git documentation (git-scm.com reference manual, release notes)",,,,,Stable (syntax may gain options),LOCALLY-TESTED on git 2.43.0 (verify-git-basics.sh); official docs NOT yet consulted
R017,Stable technical knowledge (Git),sparse-checkout,cone mode commands and current syntax,"Official Git documentation (git-scm.com reference manual, release notes)",,,,,Stable (syntax may gain options),LOCALLY-TESTED on git 2.43.0 (verify-git-basics.sh); official docs NOT yet consulted
R018,Stable technical knowledge (Git),worktree,add/list/remove/prune,"Official Git documentation (git-scm.com reference manual, release notes)",,,,,Stable (syntax may gain options),LOCALLY-TESTED on git 2.43.0 (verify-git-basics.sh); official docs NOT yet consulted
R019,Stable technical knowledge (Git),submodule/subtree,submodule commands; subtree is contrib - confirm packaging status,"Official Git documentation (git-scm.com reference manual, release notes)",,,,,Stable (syntax may gain options),LOCALLY-TESTED on git 2.43.0 (verify-git-basics.sh); official docs NOT yet consulted
R020,Stable technical knowledge (Git),bisect/blame/grep/clean,"syntax, clean -n dry-run and -f requirement","Official Git documentation (git-scm.com reference manual, release notes)",,,,,Stable (syntax may gain options),LOCALLY-TESTED on git 2.43.0 (verify-git-basics.sh); official docs NOT yet consulted
R021,Stable technical knowledge (Git),cherry-pick/format-patch/am/apply,syntax and conflict handling,"Official Git documentation (git-scm.com reference manual, release notes)",,,,,Stable (syntax may gain options),LOCALLY-TESTED on git 2.43.0 (verify-git-basics.sh); official docs NOT yet consulted
R022,Stable technical knowledge (Git),object model,blob/tree/commit/tag via cat-file; packfiles; SHA-1 vs SHA-256 status,"Official Git documentation (git-scm.com reference manual, release notes)",,,,,Stable (syntax may gain options),LOCALLY-TESTED on git 2.43.0 (verify-git-basics.sh); official docs NOT yet consulted
R023,Stable technical knowledge (Git),gc/maintenance/fsck,command syntax; maintenance start/run tasks,"Official Git documentation (git-scm.com reference manual, release notes)",,,,,Stable (syntax may gain options),LOCALLY-TESTED on git 2.43.0 (verify-git-basics.sh); official docs NOT yet consulted
R024,Stable technical knowledge (Git),hooks,"client-side hook names, core.hooksPath, hooks not cloned","Official Git documentation (git-scm.com reference manual, release notes)",,,,,Stable (syntax may gain options),LOCALLY-TESTED on git 2.43.0 (verify-git-basics.sh); official docs NOT yet consulted
R025,Stable technical knowledge (Git),attributes/line endings,"core.autocrlf, .gitattributes text/eol semantics","Official Git documentation (git-scm.com reference manual, release notes)",,,,,Stable (syntax may gain options),LOCALLY-TESTED on git 2.43.0 (verify-git-basics.sh); official docs NOT yet consulted
R026,Stable technical knowledge (Git),signing,gpg.format=ssh|openpgp|x509; commit.gpgsign; allowedSignersFile; verification,"Official Git documentation (git-scm.com reference manual, release notes)",,,,,Stable (syntax may gain options),UNVERIFIED - needs tool install or official docs
R027,Stable technical knowledge (Git),credential helpers,credential.helper options per OS; git-credential-manager status,"Official Git documentation (git-scm.com reference manual, release notes)",,,,,Stable (syntax may gain options),UNVERIFIED - needs tool install or official docs
R028,Stable technical knowledge (Git),config scopes/includes,system/global/local/worktree scopes; include/includeIf,"Official Git documentation (git-scm.com reference manual, release notes)",,,,,Stable (syntax may gain options),LOCALLY-TESTED on git 2.43.0 (verify-git-basics.sh); official docs NOT yet consulted
R029,Stable technical knowledge (Git),rerere,enable and behaviour,"Official Git documentation (git-scm.com reference manual, release notes)",,,,,Stable (syntax may gain options),LOCALLY-TESTED on git 2.43.0 (verify-git-basics.sh); official docs NOT yet consulted
R030,Stable technical knowledge (Git),Git LFS,"install, track, .gitattributes entries, pointer files (NOT installed in sandbox)","Official Git documentation (git-scm.com reference manual, release notes)",,,,,Stable (syntax may gain options),UNVERIFIED - needs tool install or official docs
R031,Stable technical knowledge (Git),history rewriting for secrets,status of filter-branch (discouraged) vs git-filter-repo vs BFG,"Official Git documentation (git-scm.com reference manual, release notes)",,,,,Stable (syntax may gain options),UNVERIFIED - official host blocked by egress policy
R032,Stable technical knowledge (Git),Git versions,current stable Git version at edition date; planned breaking changes (e.g. future default branch / hash changes) - confirm from release notes,"Official Git documentation (git-scm.com reference manual, release notes)",,,,,Stable (syntax may gain options),UNVERIFIED - official host blocked by egress policy
R033,Stable technical knowledge (Git),hash function,SHA-1 default vs SHA-256 experimental/available status,"Official Git documentation (git-scm.com reference manual, release notes)",,,,,Stable (syntax may gain options),UNVERIFIED - needs tool install or official docs
R034,Time-sensitive product information (GitHub),Git vs GitHub definition,GitHub's own description of itself relative to Git,"Official GitHub Docs (docs.github.com), GitHub changelog",,,Must record plan/visibility/organisation conditions when verified,,Mostly stable; wording may change,UNVERIFIED - official host blocked by egress policy
R035,Time-sensitive product information (GitHub),Account creation & username rules,"steps, username constraints, email handling, plan defaults","Official GitHub Docs (docs.github.com), GitHub changelog",,,Must record plan/visibility/organisation conditions when verified,,Time-sensitive product information,UNVERIFIED - official host blocked by egress policy
R036,Time-sensitive product information (GitHub),2FA / passkeys / recovery,"supported methods, mandatory-2FA policy, recovery codes, passkey behaviour","Official GitHub Docs (docs.github.com), GitHub changelog",,,Must record plan/visibility/organisation conditions when verified,,Time-sensitive product information,UNVERIFIED - official host blocked by egress policy
R037,Time-sensitive product information (GitHub),Repository visibility,public/private/internal definitions; who can see; plan dependencies,"Official GitHub Docs (docs.github.com), GitHub changelog",,,Must record plan/visibility/organisation conditions when verified,,Time-sensitive product information,UNVERIFIED - official host blocked by egress policy
R038,Time-sensitive product information (GitHub),Repository creation options,"README, .gitignore templates, licence templates, default branch name setting","Official GitHub Docs (docs.github.com), GitHub changelog",,,Must record plan/visibility/organisation conditions when verified,,Time-sensitive product information,UNVERIFIED - official host blocked by egress policy
R039,Time-sensitive product information (GitHub),Profiles & profile README,"special repo naming rule, pinned repos, contribution graph counting rules","Official GitHub Docs (docs.github.com), GitHub changelog",,,Must record plan/visibility/organisation conditions when verified,,Time-sensitive product information,UNVERIFIED - official host blocked by egress policy
R040,Time-sensitive product information (GitHub),README rendering & Markdown (GFM),"supported syntax, README locations/precedence, alerts, Mermaid support","Official GitHub Docs (docs.github.com), GitHub changelog",,,Must record plan/visibility/organisation conditions when verified,,Time-sensitive product information,UNVERIFIED - official host blocked by egress policy
R041,Time-sensitive product information (GitHub),Issues,"labels, assignees, milestones, closing keywords, issue forms/templates, sub-issues, issue types","Official GitHub Docs (docs.github.com), GitHub changelog",,,Must record plan/visibility/organisation conditions when verified,,Time-sensitive product information,UNVERIFIED - official host blocked by egress policy
R042,Time-sensitive product information (GitHub),Discussions,"enablement, categories, Q&A/answers, plan/visibility conditions","Official GitHub Docs (docs.github.com), GitHub changelog",,,Must record plan/visibility/organisation conditions when verified,,Time-sensitive product information,UNVERIFIED - official host blocked by egress policy
R043,Time-sensitive product information (GitHub),Projects,"current Projects product (views, fields, iterations, automations, roadmap), limits","Official GitHub Docs (docs.github.com), GitHub changelog",,,Must record plan/visibility/organisation conditions when verified,,Time-sensitive product information,UNVERIFIED - official host blocked by egress policy
R044,Time-sensitive product information (GitHub),Wikis,availability by plan/visibility,"Official GitHub Docs (docs.github.com), GitHub changelog",,,Must record plan/visibility/organisation conditions when verified,,Time-sensitive product information,UNVERIFIED - official host blocked by egress policy
R045,Time-sensitive product information (GitHub),Pull requests,"draft PRs, reviews, suggested changes, merge methods, auto-merge, merge queue availability","Official GitHub Docs (docs.github.com), GitHub changelog",,,Must record plan/visibility/organisation conditions when verified,,Time-sensitive product information,UNVERIFIED - official host blocked by egress policy
R046,Time-sensitive product information (GitHub),Branch protection vs rulesets,"capabilities, differences, plan/visibility availability, bypass","Official GitHub Docs (docs.github.com), GitHub changelog",,,Must record plan/visibility/organisation conditions when verified,,Time-sensitive product information,UNVERIFIED - official host blocked by egress policy
R047,Time-sensitive product information (GitHub),CODEOWNERS,"file locations, syntax, review enforcement","Official GitHub Docs (docs.github.com), GitHub changelog",,,Must record plan/visibility/organisation conditions when verified,,Time-sensitive product information,UNVERIFIED - official host blocked by egress policy
R048,Time-sensitive product information (GitHub),Releases & tags,"release creation, notes generation, assets, immutability options, source archives","Official GitHub Docs (docs.github.com), GitHub changelog",,,Must record plan/visibility/organisation conditions when verified,,Time-sensitive product information,UNVERIFIED - official host blocked by egress policy
R049,Time-sensitive product information (GitHub),"Notifications, stars, watching",current behaviour and settings,"Official GitHub Docs (docs.github.com), GitHub changelog",,,Must record plan/visibility/organisation conditions when verified,,Time-sensitive product information,UNVERIFIED - official host blocked by egress policy
R050,Time-sensitive product information (GitHub),Insights,"Pulse, Contributors, Traffic, Commits, Code frequency, Dependency graph, Network, Forks - definitions and retention","Official GitHub Docs (docs.github.com), GitHub changelog",,,Must record plan/visibility/organisation conditions when verified,,Time-sensitive product information,UNVERIFIED - official host blocked by egress policy
R051,Time-sensitive product information (GitHub),Actions overview,"workflow syntax basics, events, jobs, steps, contexts/expressions","Official GitHub Docs (docs.github.com), GitHub changelog",,,Must record plan/visibility/organisation conditions when verified,,Time-sensitive product information,UNVERIFIED - official host blocked by egress policy
R052,Time-sensitive product information (GitHub),Actions runners,"GitHub-hosted labels/images, self-hosted security notes, larger runners","Official GitHub Docs (docs.github.com), GitHub changelog",,,Must record plan/visibility/organisation conditions when verified,,Time-sensitive product information,UNVERIFIED - official host blocked by egress policy
R053,Time-sensitive product information (GitHub),Actions limits & billing,"included minutes, storage, concurrency limits by plan/visibility, pricing","Official GitHub Docs (docs.github.com), GitHub changelog",,,Must record plan/visibility/organisation conditions when verified,,Time-sensitive product information,UNVERIFIED - official host blocked by egress policy
R054,Time-sensitive product information (GitHub),Actions secrets & variables,"repository/environment/organisation scope, naming, availability to forks","Official GitHub Docs (docs.github.com), GitHub changelog",,,Must record plan/visibility/organisation conditions when verified,,Time-sensitive product information,UNVERIFIED - official host blocked by egress policy
R055,Time-sensitive product information (GitHub),Actions environments,"required reviewers, protection rules, secrets scoping, plan limits","Official GitHub Docs (docs.github.com), GitHub changelog",,,Must record plan/visibility/organisation conditions when verified,,Time-sensitive product information,UNVERIFIED - official host blocked by egress policy
R056,Time-sensitive product information (GitHub),Actions permissions & GITHUB_TOKEN,"default permissions, permissions key, fork PR restrictions","Official GitHub Docs (docs.github.com), GitHub changelog",,,Must record plan/visibility/organisation conditions when verified,,Time-sensitive product information,UNVERIFIED - official host blocked by egress policy
R057,Time-sensitive product information (GitHub),Actions artifacts & caching,"retention, size limits, actions/cache & actions/upload-artifact current major versions","Official GitHub Docs (docs.github.com), GitHub changelog",,,Must record plan/visibility/organisation conditions when verified,,Time-sensitive product information,UNVERIFIED - official host blocked by egress policy
R058,Time-sensitive product information (GitHub),"Actions matrix, concurrency, timeouts",syntax and limits,"Official GitHub Docs (docs.github.com), GitHub changelog",,,Must record plan/visibility/organisation conditions when verified,,Time-sensitive product information,UNVERIFIED - official host blocked by egress policy
R059,Time-sensitive product information (GitHub),Reusable workflows & composite actions,"workflow_call syntax, limits, nesting","Official GitHub Docs (docs.github.com), GitHub changelog",,,Must record plan/visibility/organisation conditions when verified,,Time-sensitive product information,UNVERIFIED - official host blocked by egress policy
R060,Time-sensitive product information (GitHub),Actions security hardening,"pinning to SHA, script injection, pull_request_target risks, OIDC","Official GitHub Docs (docs.github.com), GitHub changelog",,,Must record plan/visibility/organisation conditions when verified,,Time-sensitive product information,UNVERIFIED - official host blocked by egress policy
R061,Time-sensitive product information (GitHub),Actions workflow events,"schedule, workflow_dispatch, pull_request, push, release, issues triggers - exact semantics","Official GitHub Docs (docs.github.com), GitHub changelog",,,Must record plan/visibility/organisation conditions when verified,,Time-sensitive product information,UNVERIFIED - official host blocked by egress policy
R062,Time-sensitive product information (GitHub),Dependabot,"alerts, security updates, version updates config file, availability","Official GitHub Docs (docs.github.com), GitHub changelog",,,Must record plan/visibility/organisation conditions when verified,,Time-sensitive product information,UNVERIFIED - official host blocked by egress policy
R063,Time-sensitive product information (GitHub),Dependency graph & dependency review,"availability, supported ecosystems","Official GitHub Docs (docs.github.com), GitHub changelog",,,Must record plan/visibility/organisation conditions when verified,,Time-sensitive product information,UNVERIFIED - official host blocked by egress policy
R064,Time-sensitive product information (GitHub),Secret scanning & push protection,"availability by visibility/plan, default behaviour for public repos, supported patterns","Official GitHub Docs (docs.github.com), GitHub changelog",,,Must record plan/visibility/organisation conditions when verified,,Time-sensitive product information,UNVERIFIED - official host blocked by egress policy
R065,Time-sensitive product information (GitHub),Code scanning & CodeQL,"availability by visibility/plan, supported languages, default setup","Official GitHub Docs (docs.github.com), GitHub changelog",,,Must record plan/visibility/organisation conditions when verified,,Time-sensitive product information,UNVERIFIED - official host blocked by egress policy
R066,Time-sensitive product information (GitHub),Security advisories & private vulnerability reporting,enablement and workflow,"Official GitHub Docs (docs.github.com), GitHub changelog",,,Must record plan/visibility/organisation conditions when verified,,Time-sensitive product information,UNVERIFIED - official host blocked by egress policy
R067,Time-sensitive product information (GitHub),SECURITY.md & community health files,"recognised files and locations, .github repo defaults","Official GitHub Docs (docs.github.com), GitHub changelog",,,Must record plan/visibility/organisation conditions when verified,,Time-sensitive product information,UNVERIFIED - official host blocked by egress policy
R068,Time-sensitive product information (GitHub),"Organizations, teams, roles","role names, base permissions, repository roles, custom roles availability","Official GitHub Docs (docs.github.com), GitHub changelog",,,Must record plan/visibility/organisation conditions when verified,,Time-sensitive product information,UNVERIFIED - official host blocked by egress policy
R069,Time-sensitive product information (GitHub),Forks & upstream sync,"fork behaviour, sync fork button, private-fork rules","Official GitHub Docs (docs.github.com), GitHub changelog",,,Must record plan/visibility/organisation conditions when verified,,Time-sensitive product information,UNVERIFIED - official host blocked by egress policy
R070,Time-sensitive product information (GitHub),Packages,"supported registries, auth, permissions, visibility, current limits/pricing","Official GitHub Docs (docs.github.com), GitHub changelog",,,Must record plan/visibility/organisation conditions when verified,,Time-sensitive product information,UNVERIFIED - official host blocked by egress policy
R071,Time-sensitive product information (GitHub),Container registry,ghcr.io usage and auth,"Official GitHub Docs (docs.github.com), GitHub changelog",,,Must record plan/visibility/organisation conditions when verified,,Time-sensitive product information,UNVERIFIED - official host blocked by egress policy
R072,Time-sensitive product information (GitHub),GitHub Pages,"publishing sources, Actions-based deploy, custom domain, HTTPS, limits, plan/visibility","Official GitHub Docs (docs.github.com), GitHub changelog",,,Must record plan/visibility/organisation conditions when verified,,Time-sensitive product information,UNVERIFIED - official host blocked by egress policy
R073,Time-sensitive product information (GitHub),Codespaces,"quotas, pricing, machine types, dev container config, security, availability by plan","Official GitHub Docs (docs.github.com), GitHub changelog",,,Must record plan/visibility/organisation conditions when verified,,Time-sensitive product information,UNVERIFIED - official host blocked by egress policy
R074,Time-sensitive product information (GitHub),Dev containers,devcontainer.json spec status and GitHub support,"Official GitHub Docs (docs.github.com), GitHub changelog",,,Must record plan/visibility/organisation conditions when verified,,Time-sensitive product information,UNVERIFIED - official host blocked by egress policy
R075,Time-sensitive product information (GitHub),GitHub CLI,"install, gh auth login, gh repo/issue/pr/workflow/release command list and flags","Official GitHub Docs (docs.github.com), GitHub changelog",,,Must record plan/visibility/organisation conditions when verified,,Time-sensitive product information,UNVERIFIED - official host blocked by egress policy
R076,Time-sensitive product information (GitHub),REST API,"versioning header, auth, rate limits, pagination","Official GitHub Docs (docs.github.com), GitHub changelog",,,Must record plan/visibility/organisation conditions when verified,,Time-sensitive product information,UNVERIFIED - official host blocked by egress policy
R077,Time-sensitive product information (GitHub),GraphQL API,"endpoint, auth, rate limit model","Official GitHub Docs (docs.github.com), GitHub changelog",,,Must record plan/visibility/organisation conditions when verified,,Time-sensitive product information,UNVERIFIED - official host blocked by egress policy
R078,Time-sensitive product information (GitHub),Webhooks,"events, secrets, signature verification","Official GitHub Docs (docs.github.com), GitHub changelog",,,Must record plan/visibility/organisation conditions when verified,,Time-sensitive product information,UNVERIFIED - official host blocked by egress policy
R079,Time-sensitive product information (GitHub),GitHub Apps vs OAuth apps,differences and recommendations,"Official GitHub Docs (docs.github.com), GitHub changelog",,,Must record plan/visibility/organisation conditions when verified,,Time-sensitive product information,UNVERIFIED - official host blocked by egress policy
R080,Time-sensitive product information (GitHub),Personal access tokens,"fine-grained vs classic status, scopes, expiry policy","Official GitHub Docs (docs.github.com), GitHub changelog",,,Must record plan/visibility/organisation conditions when verified,,Time-sensitive product information,UNVERIFIED - official host blocked by egress policy
R081,Time-sensitive product information (GitHub),SSH keys on GitHub,"supported key types, host fingerprints, setup steps, SSH over HTTPS port","Official GitHub Docs (docs.github.com), GitHub changelog",,,Must record plan/visibility/organisation conditions when verified,,Time-sensitive product information,UNVERIFIED - official host blocked by egress policy
R082,Time-sensitive product information (GitHub),HTTPS auth for Git,password auth removed - token/credential manager requirement,"Official GitHub Docs (docs.github.com), GitHub changelog",,,Must record plan/visibility/organisation conditions when verified,,Time-sensitive product information,UNVERIFIED - official host blocked by egress policy
R083,Time-sensitive product information (GitHub),Commit signature verification,"'Verified' badge rules, SSH/GPG/S/MIME support, vigilant mode","Official GitHub Docs (docs.github.com), GitHub changelog",,,Must record plan/visibility/organisation conditions when verified,,Time-sensitive product information,UNVERIFIED - official host blocked by egress policy
R084,Time-sensitive product information (GitHub),GitHub Enterprise,Cloud vs Server vs data residency naming and concepts,"Official GitHub Docs (docs.github.com), GitHub changelog",,,Must record plan/visibility/organisation conditions when verified,,Time-sensitive product information,UNVERIFIED - official host blocked by egress policy
R085,Time-sensitive product information (GitHub),Sponsors / Marketplace,current availability and terms (neutral description only),"Official GitHub Docs (docs.github.com), GitHub changelog",,,Must record plan/visibility/organisation conditions when verified,,Time-sensitive product information,UNVERIFIED - official host blocked by egress policy
R086,Time-sensitive product information (GitHub),Copilot-related repository features,only neutral description of repo-level features - verify names,"Official GitHub Docs (docs.github.com), GitHub changelog",,,Must record plan/visibility/organisation conditions when verified,,Time-sensitive product information,UNVERIFIED - official host blocked by egress policy
R087,Time-sensitive product information (GitHub),Plans and pricing,Free/Team/Enterprise feature matrix - only cite if verified; otherwise omit,"Official GitHub Docs (docs.github.com), GitHub changelog",,,Must record plan/visibility/organisation conditions when verified,,Time-sensitive product information,UNVERIFIED - official host blocked by egress policy
R088,Time-sensitive product information (GitHub),UI navigation labels,"names/locations of tabs, buttons, settings pages used in tutorials","Official GitHub Docs (docs.github.com), GitHub changelog",,,Must record plan/visibility/organisation conditions when verified,,Time-sensitive product information,UNVERIFIED - official host blocked by egress policy
R089,Stable reference (licence/spec),CC BY-SA licence name & version,"Current version (4.0) name, official deed and legal code, attribution requirements, compatibility",creativecommons.org,,,,,"Stable, but re-check version",UNVERIFIED - official host blocked by egress policy
R090,Stable reference (licence/spec),CC recommendation on software,CC's statement that CC licences are not recommended for software,creativecommons.org FAQ,,,,,"Stable, but re-check version",UNVERIFIED - official host blocked by egress policy
R091,Stable reference (licence/spec),MIT License text,Canonical wording and copyright-notice requirement,opensource.org / SPDX,,,,,"Stable, but re-check version",UNVERIFIED - official host blocked by egress policy
R092,Stable reference (licence/spec),SPDX identifiers,CC-BY-SA-4.0 and MIT identifiers,spdx.org/licenses,,,,,"Stable, but re-check version",UNVERIFIED - official host blocked by egress policy
R093,Stable reference (licence/spec),"Apache-2.0, GPL family, LGPL, BSD, MPL",Key conditions summarised accurately,"official texts at apache.org, gnu.org, mozilla.org, opensource.org",,,,,"Stable, but re-check version",UNVERIFIED - official host blocked by egress policy
R094,Stable reference (licence/spec),Semantic Versioning,current spec version,semver.org,,,,,"Stable, but re-check version",UNVERIFIED - official host blocked by egress policy
