url,fetched_utc,bytes,sha256
https://raw.githubusercontent.com/git/git/v2.55.0/Documentation/git-reflog.adoc,2026-09-30T02:10:01Z,5657,59e7f0f15204a8c9f9b058ee62cb26aa2fa726b35dc85c702b75243424d6bf54
https://raw.githubusercontent.com/git/git/v2.56.0/Documentation/config/gc.adoc,2026-09-30T02:10:16Z,7753,0ab75f6f40ebdbda26bd3f3a8982405d764c87f72e7fbfef878f3df82a042f1a
https://raw.githubusercontent.com/git/git/v2.56.0/Documentation/git-gc.adoc,2026-09-30T02:10:16Z,6744,e3dbc4081095faf8d2d760eb4a47a1350f89d0c772f55eaada9cfbcdbeafba8c
https://raw.githubusercontent.com/git/git/v2.56.0/Documentation/git-reflog.adoc,2026-09-30T02:10:16Z,5657,59e7f0f15204a8c9f9b058ee62cb26aa2fa726b35dc85c702b75243424d6bf54
https://raw.githubusercontent.com/git/git/v2.56.0/Documentation/git-pull.adoc,2026-09-30T02:10:17Z,7925,9663af6bb8c8e9c5a9faba6af5c59a859872abcfbbe9d2da7ccb38e92fb77b7a
https://raw.githubusercontent.com/git/git/v2.56.0/Documentation/git-push.adoc,2026-09-30T02:10:17Z,32212,b68851f83be3624cba85e8e620e6271b566c4d5d818d44b4b59eb3335e6ec64c
https://raw.githubusercontent.com/git/git/v2.56.0/Documentation/git-describe.adoc,2026-09-30T02:10:17Z,8391,ad8b14c0d481434eb5eda093d70f2c98469a1c9503cd04445d2ae6f0e812761e
https://raw.githubusercontent.com/git/git/v2.56.0/Documentation/technical/hash-function-transition.adoc,2026-09-30T02:10:18Z,36295,fca700b820efed9fdb6006cfef9b47c3a88fd701af7fda12af814c6d1de20d4d
https://raw.githubusercontent.com/git/git/v2.56.0/Documentation/git-clone.adoc,2026-09-30T02:10:18Z,16868,3116cc9ee8d1c7bbd12649e7203e813d2e4335b9bc9dd76d20ec87ce5f430123
https://raw.githubusercontent.com/git/git/v2.56.0/Documentation/git-submodule.adoc,2026-09-30T02:10:18Z,21726,763887b64fe2f27ff69b77f89c57fbc999cca8b529838daf7bf9fcd2fa1630d3
https://raw.githubusercontent.com/git/git/v2.56.0/Documentation/git-maintenance.adoc,2026-09-30T02:10:19Z,20357,3f289b2f729c62d756b5cee1549f80704f170db2e8727ac9d3519bc694239111
https://raw.githubusercontent.com/git/git/v2.56.0/Documentation/githooks.adoc,2026-09-30T02:10:19Z,29873,c3aff48667535943bf368c0086567a0f313661bd0544abbb8a41ff90a0cfcdb1
https://raw.githubusercontent.com/git/git/v2.56.0/Documentation/gitcli.adoc,2026-09-30T02:10:19Z,11312,19829855b2982e1b59e75d08fce4ac4a096510a6fcd1735a1bef163d8bc6031d
https://raw.githubusercontent.com/git/git/v2.56.0/Documentation/SubmittingPatches,2026-09-30T02:10:20Z,45650,9555108d6dd11b7cf1d46cb54b486dad54b5173a0b010d748b119fcf21eac2d4
https://raw.githubusercontent.com/git/git/v2.56.0/Documentation/git-filter-branch.adoc,2026-09-30T02:10:20Z,31031,883906a802f1695f4994a16927db9c48014afe74a8b6fd93b3f50f010aebdcb3
https://raw.githubusercontent.com/git/git/v2.56.0/Documentation/gitattributes.adoc,2026-09-30T02:10:20Z,50608,4ca89456d5b3cf9c4fe3c5f1a020ec86ef81be50b3d5c00f40c15edce9bd3bde
https://raw.githubusercontent.com/git/git/v2.56.0/Documentation/merge-strategies.adoc,2026-09-30T02:10:21Z,6514,d91f0de264a7671c631d619e5fb5541156f6ea0de992234980aa6b3718c5bd7a
https://raw.githubusercontent.com/git/git/v2.56.0/Documentation/git-merge.adoc,2026-09-30T02:10:21Z,15143,8ef01610c3356215cd36ed18acf1fa460a7afbd8ac02b23b75d373b9765cece9
https://raw.githubusercontent.com/git/git/v2.56.0/Documentation/git-rebase.adoc,2026-09-30T02:10:21Z,47364,e71226d6094b71be9f13247fdd203d510073502539a42d2f4ba299f3bbfab17a
https://raw.githubusercontent.com/git/git/v2.56.0/Documentation/config/core.adoc,2026-09-30T02:10:22Z,36651,aa6015220b25a284408fa5e03bba40b70fcc69fe1a03a60859e019a84a2c9f5d
https://raw.githubusercontent.com/git/git/v2.56.0/Documentation/gitcredentials.adoc,2026-09-30T02:10:22Z,12183,9add927564a27e8beac22c72115862f6e7315854038b144b2acd8f94b4c5d348
https://raw.githubusercontent.com/git/git/v2.56.0/Documentation/git-credential-store.adoc,2026-09-30T02:10:23Z,3637,96d28d418be24a54566ca335a27e108b01eb7c3058aef61b949f3b0598413441
https://raw.githubusercontent.com/git/git/v2.56.0/Documentation/git-worktree.adoc,2026-09-30T02:10:23Z,22021,ee8a368564ace74a07e4a034e080b26fb1c3b35d17ef1fe41dcbfcc5595fe8dc
https://raw.githubusercontent.com/git/git/v2.56.0/Documentation/git-sparse-checkout.adoc,2026-09-30T02:10:23Z,22758,7952d0dc1744360a9c3cf097370869880340780ec8b01dca7138438b05b59ede
https://raw.githubusercontent.com/git/git/v2.56.0/Documentation/RelNotes/2.56.0.adoc,2026-09-30T02:10:24Z,44577,2f1c787e305ecafe357f34aa8b6754acad7f1db9b54f24036e2221e79d1b34d1
https://raw.githubusercontent.com/git/git/v2.56.0/Documentation/config/init.adoc,2026-09-30T02:10:24Z,1125,3693eb6a75c4340acb97fde59c093bccbad41a9800d3f093479ffac5d123312d
https://raw.githubusercontent.com/git/git/v2.56.0/Documentation/BreakingChanges.adoc,2026-09-30T02:10:40Z,18536,a497ce5bffac99873ce3b24a5cc549376fa050e2993dc22f4a4a6bbf3e191119
https://raw.githubusercontent.com/git/git/v2.56.0/Documentation/config/protocol.adoc,2026-09-30T02:10:48Z,2098,b4001aa0e3692094503602a1507b9d9aaec906f429b51789faf293cbe83c7ff6
https://raw.githubusercontent.com/git/git/v2.56.0/contrib/subtree/git-subtree.adoc,2026-09-30T02:10:48Z,14017,c16880d589d2fdd445367266dcbadc5fdc72ed9f7f35a9b85819f46c16bce363
https://raw.githubusercontent.com/git/git/v2.56.0/Documentation/git-add.adoc,2026-09-30T02:10:49Z,16586,42089b80b378a7e9711dde024b7ec94a6863378164ea434a34c6af07632e65db
https://raw.githubusercontent.com/git/git/v2.56.0/Documentation/RelNotes/2.38.1.adoc,2026-09-30T02:10:49Z,167,1f2e5c77e30b47dcc85675912d2bb12811e6ea4cfb3521297d6cf58b24ccc8c4
https://raw.githubusercontent.com/git/git/v2.56.0/Documentation/git-log.adoc,2026-09-30T02:10:49Z,6949,67e2e76723555409941d7a67d501d44e835a98a657fa71fbba664bda74255305
https://raw.githubusercontent.com/git/git/v2.56.0/Documentation/git-bisect.adoc,2026-09-30T02:10:50Z,18155,33e3a137d1fab1b8d5223a0dec0021e129278684cb1d69d5b63edafb800e19d7
https://raw.githubusercontent.com/git/git/v2.56.0/Documentation/gitworkflows.adoc,2026-09-30T02:10:50Z,17414,c7543eeddf45f44b96a33064094e0c2555e0ca2ebe4743724142a82b9af3ea13
https://raw.githubusercontent.com/git/git/v2.56.0/Documentation/git-stash.adoc,2026-09-30T02:10:50Z,16739,857d4544b700ea0eec8e98d04d90108eb9e52088281ad1d62d5415e4f8eef9f1
https://raw.githubusercontent.com/git/git/v2.56.0/Documentation/git-clean.adoc,2026-09-30T02:10:51Z,4737,cdfa67d39c002848e295e98fa01513d4baff512695241043cbc3f08d5e14d128
https://raw.githubusercontent.com/git/git/v2.56.0/Documentation/git-revert.adoc,2026-09-30T02:10:51Z,5425,63cd3400c56f2c55e61ac2d6048e72c0b700071caabe8d9b337a37d8b180b5fd
https://raw.githubusercontent.com/git/git/v2.56.0/Documentation/git-reset.adoc,2026-09-30T02:10:52Z,19268,da477f7cc126877972c124922a9abc6417eaf3ac03ccadaf7743e3d4e85254d2
https://raw.githubusercontent.com/git/git/v2.56.0/Documentation/git-restore.adoc,2026-09-30T02:10:52Z,7066,1d1ddfabee3ed19290f174e88b10884152b564048a8acd845b00074605e796d8
https://raw.githubusercontent.com/git/git/v2.56.0/Documentation/git-switch.adoc,2026-09-30T02:10:52Z,9124,85cc2b0ac4705f8b67a5e7662e641c515f4d34da2105c8ccd622642b2e5567e8
https://raw.githubusercontent.com/git/git/v2.56.0/Documentation/config/merge.adoc,2026-09-30T02:10:53Z,6173,0cf0b12e876650fc7e09379fb800be04e31d6dbafc36028ff8707baebea9bf1a
https://raw.githubusercontent.com/git/git/v2.56.0/Documentation/git-rerere.adoc,2026-09-30T02:10:53Z,7802,29142a53a204108a634338a2fe03c70c7f7e71681104750c4d3a4cb806cbe9b2
https://raw.githubusercontent.com/git/git/v2.56.0/Documentation/git-config.adoc,2026-09-30T02:10:53Z,21576,655541c20fe58e30c2e45803df422a5a1ed3658bf025ceaed6c1764089edcd27
https://raw.githubusercontent.com/git/git/v2.56.0/Documentation/git-check-ignore.adoc,2026-09-30T02:10:54Z,4159,940177c7385eb3cf0ffb1f22ffba35661d16800f8ce787ac676e9a8c89d68208
https://raw.githubusercontent.com/git/git/v2.56.0/Documentation/gitignore.adoc,2026-09-30T02:10:54Z,9535,338221577b4f47ea61b10eb6e57e7b0aab71e3f7ff8ce8bc067676aede805e71
https://raw.githubusercontent.com/git/git/v2.56.0/Documentation/RelNotes/2.30.6.adoc,2026-09-30T02:11:02Z,2252,1479519fa2076c438769a0e55c615fae0750bec6bb572a0b5a05e8c9c7f23d03
