term,simple_definition,technical_definition,example,related,first_chapter_key
Computer,"A machine that follows instructions to take in, change, keep and show information.","A programmable electronic device that executes stored instructions to process data received as input, retain results in storage and present output.","A laptop, a phone, a cash machine.",hardware; software; processor,computer
Hardware,The physical parts of a computer.,"The tangible components of a computing system, such as the processor, memory, storage devices, display and network adapter.",A solid-state drive.,software; processor; memory; storage,computer
Processor (CPU),The part that carries out instructions.,The central processing unit: the hardware component that executes program instructions.,The chip that runs your browser's instructions.,memory; hardware,computer
Memory (RAM),"Fast, temporary working space that is emptied when the power goes off.","Random-access memory: volatile, fast storage used for the data and instructions a computer is currently using.",The words you have typed but not yet saved.,storage; processor,computer
Storage,"Slower, permanent space that keeps information when the power is off.","Non-volatile data storage, such as a solid-state drive or hard disk, that retains data without power.",A saved document.,memory; file,computer
Byte,A unit for measuring stored information; enough for one English letter.,A unit of digital information made of eight bits.,The word 'Hi' takes two bytes in simple text.,storage; file,computer
Software,Instructions that tell hardware what to do.,Programs and data that direct the operation of hardware.,A web browser.,application; operating system; hardware,computer
Application (program),Software that does a specific job for a person.,"A program designed to perform a task for a user, running on top of an operating system.","A text editor, a browser, Git.",software; operating system; installer,computer
Operating system (OS),"The main software that manages the computer, its files and the other programs.","System software that manages hardware resources, provides services such as file storage and process scheduling, and hosts applications.","Windows, macOS, Linux.",application; hardware; distribution,computer
Installer,A file or program that puts an application on your computer.,A program or package that copies an application's files to the correct locations and registers it with the operating system.,A Git setup file downloaded from the maker's site.,package manager; administrator,computer
Administrator,An account or permission level allowed to change the computer's system settings.,A privileged user role that may modify system-wide configuration and install software for all users.,The prompt that asks whether to allow an installer to make changes.,installer; permission,computer
Package manager,A program that installs and updates applications from a trusted collection.,"A tool that resolves, retrieves, installs, updates and removes software packages from configured repositories.",apt on Ubuntu.,installer; application,computer
